product_key,product_id,product_number,product_name,category_id,category,subcategory,maintenance,product_cost,product_line,start_date
1,210,FR-R92B-58,HL Road Frame - Black- 58,CO_RF,Components,Road Frames,Yes,0,Road,01-07-2003
2,211,FR-R92R-58,HL Road Frame - Red- 58,CO_RF,Components,Road Frames,Yes,0,Road,01-07-2003
3,212,HL-U509-R,Sport-100 Helmet- Red,AC_HE,Accessories,Helmets,Yes,12,Other Sales,01-07-2011
4,213,HL-U509-R,Sport-100 Helmet- Red,AC_HE,Accessories,Helmets,Yes,14,Other Sales,01-07-2012
5,214,HL-U509-R,Sport-100 Helmet- Red,AC_HE,Accessories,Helmets,Yes,13,Other Sales,01-07-2013
6,215,HL-U509,Sport-100 Helmet- Black,AC_HE,Accessories,Helmets,Yes,12,Other Sales,01-07-2011
7,216,HL-U509,Sport-100 Helmet- Black,AC_HE,Accessories,Helmets,Yes,14,Other Sales,01-07-2012
8,217,HL-U509,Sport-100 Helmet- Black,AC_HE,Accessories,Helmets,Yes,13,Other Sales,01-07-2013
9,218,SO-B909-M,Mountain Bike Socks- M,CL_SO,Clothing,Socks,No,3,Mountain,01-07-2011
10,219,SO-B909-L,Mountain Bike Socks- L,CL_SO,Clothing,Socks,No,3,Mountain,01-07-2011
11,220,HL-U509-B,Sport-100 Helmet- Blue,AC_HE,Accessories,Helmets,Yes,12,Other Sales,01-07-2011
12,221,HL-U509-B,Sport-100 Helmet- Blue,AC_HE,Accessories,Helmets,Yes,14,Other Sales,01-07-2012
13,222,HL-U509-B,Sport-100 Helmet- Blue,AC_HE,Accessories,Helmets,Yes,13,Other Sales,01-07-2013
14,223,CA-1098,AWC Logo Cap,CL_CA,Clothing,Caps,No,6,Other Sales,01-07-2011
15,224,CA-1098,AWC Logo Cap,CL_CA,Clothing,Caps,No,5,Other Sales,01-07-2012
16,225,CA-1098,AWC Logo Cap,CL_CA,Clothing,Caps,No,7,Other Sales,01-07-2013
17,226,LJ-0192-S,Long-Sleeve Logo Jersey- S,CL_JE,Clothing,Jerseys,No,32,Other Sales,01-07-2011
18,227,LJ-0192-S,Long-Sleeve Logo Jersey- S,CL_JE,Clothing,Jerseys,No,29,Other Sales,01-07-2012
19,228,LJ-0192-S,Long-Sleeve Logo Jersey- S,CL_JE,Clothing,Jerseys,No,38,Other Sales,01-07-2013
20,229,LJ-0192-M,Long-Sleeve Logo Jersey- M,CL_JE,Clothing,Jerseys,No,32,Other Sales,01-07-2011
21,230,LJ-0192-M,Long-Sleeve Logo Jersey- M,CL_JE,Clothing,Jerseys,No,29,Other Sales,01-07-2012
22,231,LJ-0192-M,Long-Sleeve Logo Jersey- M,CL_JE,Clothing,Jerseys,No,38,Other Sales,01-07-2013
23,232,LJ-0192-L,Long-Sleeve Logo Jersey- L,CL_JE,Clothing,Jerseys,No,32,Other Sales,01-07-2011
24,233,LJ-0192-L,Long-Sleeve Logo Jersey- L,CL_JE,Clothing,Jerseys,No,29,Other Sales,01-07-2012
25,234,LJ-0192-L,Long-Sleeve Logo Jersey- L,CL_JE,Clothing,Jerseys,No,38,Other Sales,01-07-2013
26,235,LJ-0192-X,Long-Sleeve Logo Jersey- XL,CL_JE,Clothing,Jerseys,No,32,Other Sales,01-07-2011
27,236,LJ-0192-X,Long-Sleeve Logo Jersey- XL,CL_JE,Clothing,Jerseys,No,29,Other Sales,01-07-2012
28,237,LJ-0192-X,Long-Sleeve Logo Jersey- XL,CL_JE,Clothing,Jerseys,No,38,Other Sales,01-07-2013
29,238,FR-R92R-62,HL Road Frame - Red- 62,CO_RF,Components,Road Frames,Yes,748,Road,01-07-2011
30,239,FR-R92R-62,HL Road Frame - Red- 62,CO_RF,Components,Road Frames,Yes,722,Road,01-07-2012
31,240,FR-R92R-62,HL Road Frame - Red- 62,CO_RF,Components,Road Frames,Yes,869,Road,01-07-2013
32,241,FR-R92R-44,HL Road Frame - Red- 44,CO_RF,Components,Road Frames,Yes,748,Road,01-07-2011
33,242,FR-R92R-44,HL Road Frame - Red- 44,CO_RF,Components,Road Frames,Yes,722,Road,01-07-2012
34,243,FR-R92R-44,HL Road Frame - Red- 44,CO_RF,Components,Road Frames,Yes,869,Road,01-07-2013
35,244,FR-R92R-48,HL Road Frame - Red- 48,CO_RF,Components,Road Frames,Yes,748,Road,01-07-2011
36,245,FR-R92R-48,HL Road Frame - Red- 48,CO_RF,Components,Road Frames,Yes,722,Road,01-07-2012
37,246,FR-R92R-48,HL Road Frame - Red- 48,CO_RF,Components,Road Frames,Yes,869,Road,01-07-2013
38,247,FR-R92R-52,HL Road Frame - Red- 52,CO_RF,Components,Road Frames,Yes,748,Road,01-07-2011
39,248,FR-R92R-52,HL Road Frame - Red- 52,CO_RF,Components,Road Frames,Yes,722,Road,01-07-2012
40,249,FR-R92R-52,HL Road Frame - Red- 52,CO_RF,Components,Road Frames,Yes,869,Road,01-07-2013
41,250,FR-R92R-56,HL Road Frame - Red- 56,CO_RF,Components,Road Frames,Yes,748,Road,01-07-2011
42,251,FR-R92R-56,HL Road Frame - Red- 56,CO_RF,Components,Road Frames,Yes,722,Road,01-07-2012
43,252,FR-R92R-56,HL Road Frame - Red- 56,CO_RF,Components,Road Frames,Yes,869,Road,01-07-2013
44,253,FR-R38B-58,LL Road Frame - Black- 58,CO_RF,Components,Road Frames,Yes,176,Road,01-07-2011
45,254,FR-R38B-58,LL Road Frame - Black- 58,CO_RF,Components,Road Frames,Yes,170,Road,01-07-2012
46,255,FR-R38B-58,LL Road Frame - Black- 58,CO_RF,Components,Road Frames,Yes,205,Road,01-07-2013
47,256,FR-R38B-60,LL Road Frame - Black- 60,CO_RF,Components,Road Frames,Yes,176,Road,01-07-2011
48,257,FR-R38B-60,LL Road Frame - Black- 60,CO_RF,Components,Road Frames,Yes,170,Road,01-07-2012
49,258,FR-R38B-60,LL Road Frame - Black- 60,CO_RF,Components,Road Frames,Yes,205,Road,01-07-2013
50,259,FR-R38B-62,LL Road Frame - Black- 62,CO_RF,Components,Road Frames,Yes,176,Road,01-07-2011
51,260,FR-R38B-62,LL Road Frame - Black- 62,CO_RF,Components,Road Frames,Yes,170,Road,01-07-2012
52,261,FR-R38B-62,LL Road Frame - Black- 62,CO_RF,Components,Road Frames,Yes,205,Road,01-07-2013
53,262,FR-R38R-44,LL Road Frame - Red- 44,CO_RF,Components,Road Frames,Yes,181,Road,01-07-2011
54,263,FR-R38R-44,LL Road Frame - Red- 44,CO_RF,Components,Road Frames,Yes,187,Road,01-07-2012
55,264,FR-R38R-48,LL Road Frame - Red- 48,CO_RF,Components,Road Frames,Yes,181,Road,01-07-2011
56,265,FR-R38R-48,LL Road Frame - Red- 48,CO_RF,Components,Road Frames,Yes,187,Road,01-07-2012
57,266,FR-R38R-52,LL Road Frame - Red- 52,CO_RF,Components,Road Frames,Yes,181,Road,01-07-2011
58,267,FR-R38R-52,LL Road Frame - Red- 52,CO_RF,Components,Road Frames,Yes,187,Road,01-07-2012
59,268,FR-R38R-58,LL Road Frame - Red- 58,CO_RF,Components,Road Frames,Yes,181,Road,01-07-2011
60,269,FR-R38R-58,LL Road Frame - Red- 58,CO_RF,Components,Road Frames,Yes,187,Road,01-07-2012
61,270,FR-R38R-60,LL Road Frame - Red- 60,CO_RF,Components,Road Frames,Yes,181,Road,01-07-2011
62,271,FR-R38R-60,LL Road Frame - Red- 60,CO_RF,Components,Road Frames,Yes,187,Road,01-07-2012
63,272,FR-R38R-62,LL Road Frame - Red- 62,CO_RF,Components,Road Frames,Yes,181,Road,01-07-2011
64,273,FR-R38R-62,LL Road Frame - Red- 62,CO_RF,Components,Road Frames,Yes,187,Road,01-07-2012
65,274,FR-R72R-44,ML Road Frame - Red- 44,CO_RF,Components,Road Frames,Yes,352,Road,01-07-2011
66,275,FR-R72R-48,ML Road Frame - Red- 48,CO_RF,Components,Road Frames,Yes,352,Road,01-07-2011
67,276,FR-R72R-52,ML Road Frame - Red- 52,CO_RF,Components,Road Frames,Yes,352,Road,01-07-2011
68,277,FR-R72R-58,ML Road Frame - Red- 58,CO_RF,Components,Road Frames,Yes,352,Road,01-07-2011
69,278,FR-R72R-60,ML Road Frame - Red- 60,CO_RF,Components,Road Frames,Yes,352,Road,01-07-2011
70,279,FR-R38B-44,LL Road Frame - Black- 44,CO_RF,Components,Road Frames,Yes,176,Road,01-07-2011
71,280,FR-R38B-44,LL Road Frame - Black- 44,CO_RF,Components,Road Frames,Yes,170,Road,01-07-2012
72,281,FR-R38B-44,LL Road Frame - Black- 44,CO_RF,Components,Road Frames,Yes,205,Road,01-07-2013
73,282,FR-R38B-48,LL Road Frame - Black- 48,CO_RF,Components,Road Frames,Yes,176,Road,01-07-2011
74,283,FR-R38B-48,LL Road Frame - Black- 48,CO_RF,Components,Road Frames,Yes,170,Road,01-07-2012
75,284,FR-R38B-48,LL Road Frame - Black- 48,CO_RF,Components,Road Frames,Yes,205,Road,01-07-2013
76,285,FR-R38B-52,LL Road Frame - Black- 52,CO_RF,Components,Road Frames,Yes,176,Road,01-07-2011
77,286,FR-R38B-52,LL Road Frame - Black- 52,CO_RF,Components,Road Frames,Yes,170,Road,01-07-2012
78,287,FR-R38B-52,LL Road Frame - Black- 52,CO_RF,Components,Road Frames,Yes,205,Road,01-07-2013
79,288,FR-M94S-42,HL Mountain Frame - Silver- 42,CO_MF,Components,Mountain Frames,Yes,624,Mountain,01-07-2011
80,289,FR-M94S-42,HL Mountain Frame - Silver- 42,CO_MF,Components,Mountain Frames,Yes,661,Mountain,01-07-2012
81,290,FR-M94S-42,HL Mountain Frame - Silver- 42,CO_MF,Components,Mountain Frames,Yes,747,Mountain,01-07-2013
82,291,FR-M94S-44,HL Mountain Frame - Silver- 44,CO_MF,Components,Mountain Frames,Yes,707,Mountain,01-07-2011
83,292,FR-M94S-52,HL Mountain Frame - Silver- 48,CO_MF,Components,Mountain Frames,Yes,707,Mountain,01-07-2011
84,293,FR-M94S-46,HL Mountain Frame - Silver- 46,CO_MF,Components,Mountain Frames,Yes,624,Mountain,01-07-2011
85,294,FR-M94S-46,HL Mountain Frame - Silver- 46,CO_MF,Components,Mountain Frames,Yes,661,Mountain,01-07-2012
86,295,FR-M94S-46,HL Mountain Frame - Silver- 46,CO_MF,Components,Mountain Frames,Yes,747,Mountain,01-07-2013
87,296,FR-M94B-42,HL Mountain Frame - Black- 42,CO_MF,Components,Mountain Frames,Yes,617,Mountain,01-07-2011
88,297,FR-M94B-42,HL Mountain Frame - Black- 42,CO_MF,Components,Mountain Frames,Yes,654,Mountain,01-07-2012
89,298,FR-M94B-42,HL Mountain Frame - Black- 42,CO_MF,Components,Mountain Frames,Yes,739,Mountain,01-07-2013
90,299,FR-M94B-44,HL Mountain Frame - Black- 44,CO_MF,Components,Mountain Frames,Yes,699,Mountain,01-07-2011
91,300,FR-M94B-48,HL Mountain Frame - Black- 48,CO_MF,Components,Mountain Frames,Yes,699,Mountain,01-07-2011
92,301,FR-M94B-46,HL Mountain Frame - Black- 46,CO_MF,Components,Mountain Frames,Yes,617,Mountain,01-07-2011
93,302,FR-M94B-46,HL Mountain Frame - Black- 46,CO_MF,Components,Mountain Frames,Yes,654,Mountain,01-07-2012
94,303,FR-M94B-46,HL Mountain Frame - Black- 46,CO_MF,Components,Mountain Frames,Yes,739,Mountain,01-07-2013
95,304,FR-M94B-38,HL Mountain Frame - Black- 38,CO_MF,Components,Mountain Frames,Yes,617,Mountain,01-07-2011
96,305,FR-M94B-38,HL Mountain Frame - Black- 38,CO_MF,Components,Mountain Frames,Yes,654,Mountain,01-07-2012
97,306,FR-M94B-38,HL Mountain Frame - Black- 38,CO_MF,Components,Mountain Frames,Yes,739,Mountain,01-07-2013
98,307,FR-M94S-38,HL Mountain Frame - Silver- 38,CO_MF,Components,Mountain Frames,Yes,624,Mountain,01-07-2011
99,308,FR-M94S-38,HL Mountain Frame - Silver- 38,CO_MF,Components,Mountain Frames,Yes,661,Mountain,01-07-2012
100,309,FR-M94S-38,HL Mountain Frame - Silver- 38,CO_MF,Components,Mountain Frames,Yes,747,Mountain,01-07-2013
101,310,BK-R93R-62,Road-150 Red- 62,BI_RB,Bikes,Road Bikes,Yes,2171,Road,01-07-2011
102,311,BK-R93R-44,Road-150 Red- 44,BI_RB,Bikes,Road Bikes,Yes,2171,Road,01-07-2011
103,312,BK-R93R-48,Road-150 Red- 48,BI_RB,Bikes,Road Bikes,Yes,2171,Road,01-07-2011
104,313,BK-R93R-52,Road-150 Red- 52,BI_RB,Bikes,Road Bikes,Yes,2171,Road,01-07-2011
105,314,BK-R93R-56,Road-150 Red- 56,BI_RB,Bikes,Road Bikes,Yes,2171,Road,01-07-2011
106,315,BK-R68R-58,Road-450 Red- 58,BI_RB,Bikes,Road Bikes,Yes,885,Road,01-07-2011
107,316,BK-R68R-60,Road-450 Red- 60,BI_RB,Bikes,Road Bikes,Yes,885,Road,01-07-2011
108,317,BK-R68R-44,Road-450 Red- 44,BI_RB,Bikes,Road Bikes,Yes,885,Road,01-07-2011
109,318,BK-R68R-48,Road-450 Red- 48,BI_RB,Bikes,Road Bikes,Yes,885,Road,01-07-2011
110,319,BK-R68R-52,Road-450 Red- 52,BI_RB,Bikes,Road Bikes,Yes,885,Road,01-07-2011
111,320,BK-R50R-58,Road-650 Red- 58,BI_RB,Bikes,Road Bikes,Yes,413,Road,01-07-2011
112,321,BK-R50R-58,Road-650 Red- 58,BI_RB,Bikes,Road Bikes,Yes,487,Road,01-07-2012
113,322,BK-R50R-60,Road-650 Red- 60,BI_RB,Bikes,Road Bikes,Yes,413,Road,01-07-2011
114,323,BK-R50R-60,Road-650 Red- 60,BI_RB,Bikes,Road Bikes,Yes,487,Road,01-07-2012
115,324,BK-R50R-62,Road-650 Red- 62,BI_RB,Bikes,Road Bikes,Yes,413,Road,01-07-2011
116,325,BK-R50R-62,Road-650 Red- 62,BI_RB,Bikes,Road Bikes,Yes,487,Road,01-07-2012
117,326,BK-R50R-44,Road-650 Red- 44,BI_RB,Bikes,Road Bikes,Yes,413,Road,01-07-2011
118,327,BK-R50R-44,Road-650 Red- 44,BI_RB,Bikes,Road Bikes,Yes,487,Road,01-07-2012
119,328,BK-R50R-48,Road-650 Red- 48,BI_RB,Bikes,Road Bikes,Yes,413,Road,01-07-2011
120,329,BK-R50R-48,Road-650 Red- 48,BI_RB,Bikes,Road Bikes,Yes,487,Road,01-07-2012
121,330,BK-R50R-52,Road-650 Red- 52,BI_RB,Bikes,Road Bikes,Yes,413,Road,01-07-2011
122,331,BK-R50R-52,Road-650 Red- 52,BI_RB,Bikes,Road Bikes,Yes,487,Road,01-07-2012
123,332,BK-R50B-58,Road-650 Black- 58,BI_RB,Bikes,Road Bikes,Yes,413,Road,01-07-2011
124,333,BK-R50B-58,Road-650 Black- 58,BI_RB,Bikes,Road Bikes,Yes,487,Road,01-07-2012
125,334,BK-R50B-60,Road-650 Black- 60,BI_RB,Bikes,Road Bikes,Yes,413,Road,01-07-2011
126,335,BK-R50B-60,Road-650 Black- 60,BI_RB,Bikes,Road Bikes,Yes,487,Road,01-07-2012
127,336,BK-R50B-62,Road-650 Black- 62,BI_RB,Bikes,Road Bikes,Yes,413,Road,01-07-2011
128,337,BK-R50B-62,Road-650 Black- 62,BI_RB,Bikes,Road Bikes,Yes,487,Road,01-07-2012
129,338,BK-R50B-44,Road-650 Black- 44,BI_RB,Bikes,Road Bikes,Yes,413,Road,01-07-2011
130,339,BK-R50B-44,Road-650 Black- 44,BI_RB,Bikes,Road Bikes,Yes,487,Road,01-07-2012
131,340,BK-R50B-48,Road-650 Black- 48,BI_RB,Bikes,Road Bikes,Yes,413,Road,01-07-2011
132,341,BK-R50B-48,Road-650 Black- 48,BI_RB,Bikes,Road Bikes,Yes,487,Road,01-07-2012
133,342,BK-R50B-52,Road-650 Black- 52,BI_RB,Bikes,Road Bikes,Yes,413,Road,01-07-2011
134,343,BK-R50B-52,Road-650 Black- 52,BI_RB,Bikes,Road Bikes,Yes,487,Road,01-07-2012
135,344,BK-M82S-38,Mountain-100 Silver- 38,BI_MB,Bikes,Mountain Bikes,Yes,1912,Mountain,01-07-2011
136,345,BK-M82S-42,Mountain-100 Silver- 42,BI_MB,Bikes,Mountain Bikes,Yes,1912,Mountain,01-07-2011
137,346,BK-M82S-44,Mountain-100 Silver- 44,BI_MB,Bikes,Mountain Bikes,Yes,1912,Mountain,01-07-2011
138,347,BK-M82S-48,Mountain-100 Silver- 48,BI_MB,Bikes,Mountain Bikes,Yes,1912,Mountain,01-07-2011
139,348,BK-M82B-38,Mountain-100 Black- 38,BI_MB,Bikes,Mountain Bikes,Yes,1898,Mountain,01-07-2011
140,349,BK-M82B-42,Mountain-100 Black- 42,BI_MB,Bikes,Mountain Bikes,Yes,1898,Mountain,01-07-2011
141,350,BK-M82B-44,Mountain-100 Black- 44,BI_MB,Bikes,Mountain Bikes,Yes,1898,Mountain,01-07-2011
142,351,BK-M82B-48,Mountain-100 Black- 48,BI_MB,Bikes,Mountain Bikes,Yes,1898,Mountain,01-07-2011
143,352,BK-M68S-38,Mountain-200 Silver- 38,BI_MB,Bikes,Mountain Bikes,Yes,1118,Mountain,01-07-2012
144,353,BK-M68S-38,Mountain-200 Silver- 38,BI_MB,Bikes,Mountain Bikes,Yes,1266,Mountain,01-07-2013
145,354,BK-M68S-42,Mountain-200 Silver- 42,BI_MB,Bikes,Mountain Bikes,Yes,1118,Mountain,01-07-2012
146,355,BK-M68S-42,Mountain-200 Silver- 42,BI_MB,Bikes,Mountain Bikes,Yes,1266,Mountain,01-07-2013
147,356,BK-M68S-46,Mountain-200 Silver- 46,BI_MB,Bikes,Mountain Bikes,Yes,1118,Mountain,01-07-2012
148,357,BK-M68S-46,Mountain-200 Silver- 46,BI_MB,Bikes,Mountain Bikes,Yes,1266,Mountain,01-07-2013
149,358,BK-M68B-38,Mountain-200 Black- 38,BI_MB,Bikes,Mountain Bikes,Yes,1106,Mountain,01-07-2012
150,359,BK-M68B-38,Mountain-200 Black- 38,BI_MB,Bikes,Mountain Bikes,Yes,1252,Mountain,01-07-2013
151,360,BK-M68B-42,Mountain-200 Black- 42,BI_MB,Bikes,Mountain Bikes,Yes,1106,Mountain,01-07-2012
152,361,BK-M68B-42,Mountain-200 Black- 42,BI_MB,Bikes,Mountain Bikes,Yes,1252,Mountain,01-07-2013
153,362,BK-M68B-46,Mountain-200 Black- 46,BI_MB,Bikes,Mountain Bikes,Yes,1106,Mountain,01-07-2012
154,363,BK-M68B-46,Mountain-200 Black- 46,BI_MB,Bikes,Mountain Bikes,Yes,1252,Mountain,01-07-2013
155,364,BK-M47B-38,Mountain-300 Black- 38,BI_MB,Bikes,Mountain Bikes,Yes,598,Mountain,01-07-2012
156,365,BK-M47B-40,Mountain-300 Black- 40,BI_MB,Bikes,Mountain Bikes,Yes,598,Mountain,01-07-2012
157,366,BK-M47B-44,Mountain-300 Black- 44,BI_MB,Bikes,Mountain Bikes,Yes,598,Mountain,01-07-2012
158,367,BK-M47B-48,Mountain-300 Black- 48,BI_MB,Bikes,Mountain Bikes,Yes,598,Mountain,01-07-2012
159,368,BK-R89R-44,Road-250 Red- 44,BI_RB,Bikes,Road Bikes,Yes,1519,Road,01-07-2012
160,369,BK-R89R-48,Road-250 Red- 48,BI_RB,Bikes,Road Bikes,Yes,1519,Road,01-07-2012
161,370,BK-R89R-52,Road-250 Red- 52,BI_RB,Bikes,Road Bikes,Yes,1519,Road,01-07-2012
162,371,BK-R89R-58,Road-250 Red- 58,BI_RB,Bikes,Road Bikes,Yes,1321,Road,01-07-2012
163,372,BK-R89R-58,Road-250 Red- 58,BI_RB,Bikes,Road Bikes,Yes,1555,Road,01-07-2013
164,373,BK-R89B-44,Road-250 Black- 44,BI_RB,Bikes,Road Bikes,Yes,1321,Road,01-07-2012
165,374,BK-R89B-44,Road-250 Black- 44,BI_RB,Bikes,Road Bikes,Yes,1555,Road,01-07-2013
166,375,BK-R89B-48,Road-250 Black- 48,BI_RB,Bikes,Road Bikes,Yes,1321,Road,01-07-2012
167,376,BK-R89B-48,Road-250 Black- 48,BI_RB,Bikes,Road Bikes,Yes,1555,Road,01-07-2013
168,377,BK-R89B-52,Road-250 Black- 52,BI_RB,Bikes,Road Bikes,Yes,1321,Road,01-07-2012
169,378,BK-R89B-52,Road-250 Black- 52,BI_RB,Bikes,Road Bikes,Yes,1555,Road,01-07-2013
170,379,BK-R89B-58,Road-250 Black- 58,BI_RB,Bikes,Road Bikes,Yes,1321,Road,01-07-2012
171,380,BK-R89B-58,Road-250 Black- 58,BI_RB,Bikes,Road Bikes,Yes,1555,Road,01-07-2013
172,381,BK-R64Y-38,Road-550-W Yellow- 38,BI_RB,Bikes,Road Bikes,Yes,606,Road,01-07-2012
173,382,BK-R64Y-38,Road-550-W Yellow- 38,BI_RB,Bikes,Road Bikes,Yes,713,Road,01-07-2013
174,383,BK-R64Y-40,Road-550-W Yellow- 40,BI_RB,Bikes,Road Bikes,Yes,606,Road,01-07-2012
175,384,BK-R64Y-40,Road-550-W Yellow- 40,BI_RB,Bikes,Road Bikes,Yes,713,Road,01-07-2013
176,385,BK-R64Y-42,Road-550-W Yellow- 42,BI_RB,Bikes,Road Bikes,Yes,606,Road,01-07-2012
177,386,BK-R64Y-42,Road-550-W Yellow- 42,BI_RB,Bikes,Road Bikes,Yes,713,Road,01-07-2013
178,387,BK-R64Y-44,Road-550-W Yellow- 44,BI_RB,Bikes,Road Bikes,Yes,606,Road,01-07-2012
179,388,BK-R64Y-44,Road-550-W Yellow- 44,BI_RB,Bikes,Road Bikes,Yes,713,Road,01-07-2013
180,389,BK-R64Y-48,Road-550-W Yellow- 48,BI_RB,Bikes,Road Bikes,Yes,606,Road,01-07-2012
181,390,BK-R64Y-48,Road-550-W Yellow- 48,BI_RB,Bikes,Road Bikes,Yes,713,Road,01-07-2013
182,391,FK-1639,LL Fork,CO_FO,Components,Forks,Yes,66,N/A,01-07-2012
183,392,FK-5136,ML Fork,CO_FO,Components,Forks,Yes,78,N/A,01-07-2012
184,393,FK-9939,HL Fork,CO_FO,Components,Forks,Yes,102,N/A,01-07-2012
185,394,HS-0296,LL Headset,CO_HS,Components,Headsets,No,15,N/A,01-07-2012
186,395,HS-2451,ML Headset,CO_HS,Components,Headsets,No,45,N/A,01-07-2012
187,396,HS-3479,HL Headset,CO_HS,Components,Headsets,No,55,N/A,01-07-2012
188,397,HB-M243,LL Mountain Handlebars,CO_HB,Components,Handlebars,No,18,Mountain,01-07-2012
189,398,HB-M243,LL Mountain Handlebars,CO_HB,Components,Handlebars,No,20,Mountain,01-07-2013
190,399,HB-M763,ML Mountain Handlebars,CO_HB,Components,Handlebars,No,25,Mountain,01-07-2012
191,400,HB-M763,ML Mountain Handlebars,CO_HB,Components,Handlebars,No,27,Mountain,01-07-2013
192,401,HB-M918,HL Mountain Handlebars,CO_HB,Components,Handlebars,No,49,Mountain,01-07-2012
193,402,HB-M918,HL Mountain Handlebars,CO_HB,Components,Handlebars,No,53,Mountain,01-07-2013
194,403,HB-R504,LL Road Handlebars,CO_HB,Components,Handlebars,No,18,Road,01-07-2012
195,404,HB-R504,LL Road Handlebars,CO_HB,Components,Handlebars,No,20,Road,01-07-2013
196,405,HB-R720,ML Road Handlebars,CO_HB,Components,Handlebars,No,25,Road,01-07-2012
197,406,HB-R720,ML Road Handlebars,CO_HB,Components,Handlebars,No,27,Road,01-07-2013
198,407,HB-R956,HL Road Handlebars,CO_HB,Components,Handlebars,No,49,Road,01-07-2012
199,408,HB-R956,HL Road Handlebars,CO_HB,Components,Handlebars,No,53,Road,01-07-2013
200,409,FR-M63B-38,ML Mountain Frame - Black- 38,CO_MF,Components,Mountain Frames,Yes,186,Mountain,01-07-2012
201,410,FW-M423,LL Mountain Front Wheel,CO_WH,Components,Wheels,Yes,27,Mountain,01-07-2012
202,411,FW-M762,ML Mountain Front Wheel,CO_WH,Components,Wheels,Yes,93,Mountain,01-07-2012
203,412,FW-M928,HL Mountain Front Wheel,CO_WH,Components,Wheels,Yes,133,Mountain,01-07-2012
204,413,FW-R623,LL Road Front Wheel,CO_WH,Components,Wheels,Yes,38,Road,01-07-2012
205,414,FW-R762,ML Road Front Wheel,CO_WH,Components,Wheels,Yes,110,Road,01-07-2012
206,415,FW-R820,HL Road Front Wheel,CO_WH,Components,Wheels,Yes,147,Road,01-07-2012
207,416,FW-T905,Touring Front Wheel,CO_WH,Components,Wheels,Yes,97,Touring,01-07-2012
208,417,FR-R72Y-38,ML Road Frame-W - Yellow- 38,CO_RF,Components,Road Frames,Yes,300,Road,01-07-2012
209,418,FR-R72Y-38,ML Road Frame-W - Yellow- 38,CO_RF,Components,Road Frames,Yes,361,Road,01-07-2013
210,419,RW-M423,LL Mountain Rear Wheel,CO_WH,Components,Wheels,Yes,39,Mountain,01-07-2012
211,420,RW-M762,ML Mountain Rear Wheel,CO_WH,Components,Wheels,Yes,105,Mountain,01-07-2012
212,421,RW-M928,HL Mountain Rear Wheel,CO_WH,Components,Wheels,Yes,145,Mountain,01-07-2012
213,422,RW-R623,LL Road Rear Wheel,CO_WH,Components,Wheels,Yes,50,Road,01-07-2012
214,423,RW-R762,ML Road Rear Wheel,CO_WH,Components,Wheels,Yes,122,Road,01-07-2012
215,424,RW-R820,HL Road Rear Wheel,CO_WH,Components,Wheels,Yes,159,Road,01-07-2012
216,425,RW-T905,Touring Rear Wheel,CO_WH,Components,Wheels,Yes,109,Touring,01-07-2012
217,426,FR-M63B-40,ML Mountain Frame - Black- 40,CO_MF,Components,Mountain Frames,Yes,186,Mountain,01-07-2012
218,427,FR-M63B-44,ML Mountain Frame - Black- 44,CO_MF,Components,Mountain Frames,Yes,186,Mountain,01-07-2012
219,428,FR-M63B-48,ML Mountain Frame - Black- 48,CO_MF,Components,Mountain Frames,Yes,186,Mountain,01-07-2012
220,429,FR-R72Y-40,ML Road Frame-W - Yellow- 40,CO_RF,Components,Road Frames,Yes,300,Road,01-07-2012
221,430,FR-R72Y-40,ML Road Frame-W - Yellow- 40,CO_RF,Components,Road Frames,Yes,361,Road,01-07-2013
222,431,FR-R72Y-42,ML Road Frame-W - Yellow- 42,CO_RF,Components,Road Frames,Yes,300,Road,01-07-2012
223,432,FR-R72Y-42,ML Road Frame-W - Yellow- 42,CO_RF,Components,Road Frames,Yes,361,Road,01-07-2013
224,433,FR-R72Y-44,ML Road Frame-W - Yellow- 44,CO_RF,Components,Road Frames,Yes,300,Road,01-07-2012
225,434,FR-R72Y-44,ML Road Frame-W - Yellow- 44,CO_RF,Components,Road Frames,Yes,361,Road,01-07-2013
226,435,FR-R72Y-48,ML Road Frame-W - Yellow- 48,CO_RF,Components,Road Frames,Yes,300,Road,01-07-2012
227,436,FR-R72Y-48,ML Road Frame-W - Yellow- 48,CO_RF,Components,Road Frames,Yes,361,Road,01-07-2013
228,437,FR-R92B-62,HL Road Frame - Black- 62,CO_RF,Components,Road Frames,Yes,722,Road,01-07-2012
229,438,FR-R92B-62,HL Road Frame - Black- 62,CO_RF,Components,Road Frames,Yes,869,Road,01-07-2013
230,439,FR-R92B-44,HL Road Frame - Black- 44,CO_RF,Components,Road Frames,Yes,722,Road,01-07-2012
231,440,FR-R92B-44,HL Road Frame - Black- 44,CO_RF,Components,Road Frames,Yes,869,Road,01-07-2013
232,441,FR-R92B-48,HL Road Frame - Black- 48,CO_RF,Components,Road Frames,Yes,722,Road,01-07-2012
233,442,FR-R92B-48,HL Road Frame - Black- 48,CO_RF,Components,Road Frames,Yes,869,Road,01-07-2013
234,443,FR-R92B-52,HL Road Frame - Black- 52,CO_RF,Components,Road Frames,Yes,722,Road,01-07-2012
235,444,FR-R92B-52,HL Road Frame - Black- 52,CO_RF,Components,Road Frames,Yes,869,Road,01-07-2013
236,445,SH-M897-S,Men's Sports Shorts- S,CL_SH,Clothing,Shorts,No,25,Other Sales,01-07-2012
237,446,PA-T100,Touring-Panniers- Large,AC_PA,Accessories,Panniers,No,52,Touring,01-07-2012
238,447,LO-C100,Cable Lock,AC_LO,Accessories,Locks,Yes,10,Other Sales,01-07-2012
239,448,PU-0452,Minipump,AC_PU,Accessories,Pumps,Yes,8,Other Sales,01-07-2012
240,449,PU-M044,Mountain Pump,AC_PU,Accessories,Pumps,Yes,10,Mountain,01-07-2012
241,450,LT-T990,Taillights - Battery-Powered,AC_LI,Accessories,Lights,Yes,6,Road,01-07-2012
242,451,LT-H902,Headlights - Dual-Beam,AC_LI,Accessories,Lights,Yes,14,Road,01-07-2012
243,452,LT-H903,Headlights - Weatherproof,AC_LI,Accessories,Lights,Yes,19,Road,01-07-2012
244,453,SH-M897-M,Men's Sports Shorts- M,CL_SH,Clothing,Shorts,No,25,Other Sales,01-07-2012
245,454,SH-M897-L,Men's Sports Shorts- L,CL_SH,Clothing,Shorts,No,25,Other Sales,01-07-2012
246,455,SH-M897-X,Men's Sports Shorts- XL,CL_SH,Clothing,Shorts,No,25,Other Sales,01-07-2012
247,456,TG-W091-S,Women's Tights- S,CL_TI,Clothing,Tights,No,31,Other Sales,01-07-2012
248,457,TG-W091-M,Women's Tights- M,CL_TI,Clothing,Tights,No,31,Other Sales,01-07-2012
249,458,TG-W091-L,Women's Tights- L,CL_TI,Clothing,Tights,No,31,Other Sales,01-07-2012
250,459,SB-M891-S,Men's Bib-Shorts- S,CL_BS,Clothing,Bib-Shorts,No,37,Other Sales,01-07-2012
251,460,SB-M891-M,Men's Bib-Shorts- M,CL_BS,Clothing,Bib-Shorts,No,37,Other Sales,01-07-2012
252,461,SB-M891-L,Men's Bib-Shorts- L,CL_BS,Clothing,Bib-Shorts,No,37,Other Sales,01-07-2012
253,462,GL-H102-S,Half-Finger Gloves- S,CL_GL,Clothing,Gloves,No,10,Other Sales,01-07-2012
254,463,GL-H102-S,Half-Finger Gloves- S,CL_GL,Clothing,Gloves,No,9,Other Sales,01-07-2013
255,464,GL-H102-M,Half-Finger Gloves- M,CL_GL,Clothing,Gloves,No,10,Other Sales,01-07-2012
256,465,GL-H102-M,Half-Finger Gloves- M,CL_GL,Clothing,Gloves,No,9,Other Sales,01-07-2013
257,466,GL-H102-L,Half-Finger Gloves- L,CL_GL,Clothing,Gloves,No,10,Other Sales,01-07-2012
258,467,GL-H102-L,Half-Finger Gloves- L,CL_GL,Clothing,Gloves,No,9,Other Sales,01-07-2013
259,468,GL-F110-S,Full-Finger Gloves- S,CL_GL,Clothing,Gloves,No,16,Mountain,01-07-2012
260,469,GL-F110-M,Full-Finger Gloves- M,CL_GL,Clothing,Gloves,No,16,Mountain,01-07-2012
261,470,GL-F110-L,Full-Finger Gloves- L,CL_GL,Clothing,Gloves,No,16,Mountain,01-07-2012
262,471,VE-C304-S,Classic Vest- S,CL_VE,Clothing,Vests,No,24,Other Sales,01-07-2013
263,472,VE-C304-M,Classic Vest- M,CL_VE,Clothing,Vests,No,24,Other Sales,01-07-2013
264,473,VE-C304-L,Classic Vest- L,CL_VE,Clothing,Vests,No,24,Other Sales,01-07-2013
265,474,SH-W890-S,Women's Mountain Shorts- S,CL_SH,Clothing,Shorts,No,26,Mountain,01-07-2013
266,475,SH-W890-M,Women's Mountain Shorts- M,CL_SH,Clothing,Shorts,No,26,Mountain,01-07-2013
267,476,SH-W890-L,Women's Mountain Shorts- L,CL_SH,Clothing,Shorts,No,26,Mountain,01-07-2013
268,477,WB-H098,Water Bottle - 30 oz.,AC_BC,Accessories,Bottles and Cages,No,2,Other Sales,01-07-2013
269,478,BC-M005,Mountain Bottle Cage,AC_BC,Accessories,Bottles and Cages,No,4,Mountain,01-07-2013
270,479,BC-R205,Road Bottle Cage,AC_BC,Accessories,Bottles and Cages,No,3,Road,01-07-2013
271,480,PK-7098,Patch Kit/8 Patches,AC_TT,Accessories,Tires and Tubes,Yes,1,Other Sales,01-07-2013
272,481,SO-R809-M,Racing Socks- M,CL_SO,Clothing,Socks,No,3,Road,01-07-2013
273,482,SO-R809-L,Racing Socks- L,CL_SO,Clothing,Socks,No,3,Road,01-07-2013
274,483,RA-H123,Hitch Rack - 4-Bike,AC_BR,Accessories,Bike Racks,Yes,45,Other Sales,01-07-2013
275,484,CL-9009,Bike Wash - Dissolver,AC_CL,Accessories,Cleaners,Yes,3,Other Sales,01-07-2013
276,485,FE-6654,Fender Set - Mountain,AC_FE,Accessories,Fenders,No,8,Mountain,01-07-2013
277,486,ST-1401,All-Purpose Bike Stand,AC_BS,Accessories,Bike Stands,No,59,Mountain,01-07-2013
278,487,HY-1023-70,Hydration Pack - 70 oz.,AC_HP,Accessories,Hydration Packs,No,21,Other Sales,01-07-2013
279,488,SJ-0194-S,Short-Sleeve Classic Jersey- S,CL_JE,Clothing,Jerseys,No,42,Other Sales,01-07-2013
280,489,SJ-0194-M,Short-Sleeve Classic Jersey- M,CL_JE,Clothing,Jerseys,No,42,Other Sales,01-07-2013
281,490,SJ-0194-L,Short-Sleeve Classic Jersey- L,CL_JE,Clothing,Jerseys,No,42,Other Sales,01-07-2013
282,491,SJ-0194-X,Short-Sleeve Classic Jersey- XL,CL_JE,Clothing,Jerseys,No,42,Other Sales,01-07-2013
283,492,FR-T98Y-60,HL Touring Frame - Yellow- 60,CO_TF,Components,Touring Frames,Yes,602,Touring,01-07-2013
284,493,FR-T67Y-62,LL Touring Frame - Yellow- 62,CO_TF,Components,Touring Frames,Yes,200,Touring,01-07-2013
285,494,FR-T98Y-46,HL Touring Frame - Yellow- 46,CO_TF,Components,Touring Frames,Yes,602,Touring,01-07-2013
286,495,FR-T98Y-50,HL Touring Frame - Yellow- 50,CO_TF,Components,Touring Frames,Yes,602,Touring,01-07-2013
287,496,FR-T98Y-54,HL Touring Frame - Yellow- 54,CO_TF,Components,Touring Frames,Yes,602,Touring,01-07-2013
288,497,FR-T98U-46,HL Touring Frame - Blue- 46,CO_TF,Components,Touring Frames,Yes,602,Touring,01-07-2013
289,498,FR-T98U-50,HL Touring Frame - Blue- 50,CO_TF,Components,Touring Frames,Yes,602,Touring,01-07-2013
290,499,FR-T98U-54,HL Touring Frame - Blue- 54,CO_TF,Components,Touring Frames,Yes,602,Touring,01-07-2013
291,500,FR-T98U-60,HL Touring Frame - Blue- 60,CO_TF,Components,Touring Frames,Yes,602,Touring,01-07-2013
292,501,RD-2308,Rear Derailleur,CO_DE,Components,Derailleurs,Yes,54,N/A,01-07-2013
293,502,FR-T67U-50,LL Touring Frame - Blue- 50,CO_TF,Components,Touring Frames,Yes,200,Touring,01-07-2013
294,503,FR-T67U-54,LL Touring Frame - Blue- 54,CO_TF,Components,Touring Frames,Yes,200,Touring,01-07-2013
295,504,FR-T67U-58,LL Touring Frame - Blue- 58,CO_TF,Components,Touring Frames,Yes,200,Touring,01-07-2013
296,505,FR-T67U-62,LL Touring Frame - Blue- 62,CO_TF,Components,Touring Frames,Yes,200,Touring,01-07-2013
297,506,FR-T67Y-44,LL Touring Frame - Yellow- 44,CO_TF,Components,Touring Frames,Yes,200,Touring,01-07-2013
298,507,FR-T67Y-50,LL Touring Frame - Yellow- 50,CO_TF,Components,Touring Frames,Yes,200,Touring,01-07-2013
299,508,FR-T67Y-54,LL Touring Frame - Yellow- 54,CO_TF,Components,Touring Frames,Yes,200,Touring,01-07-2013
300,509,FR-T67Y-58,LL Touring Frame - Yellow- 58,CO_TF,Components,Touring Frames,Yes,200,Touring,01-07-2013
301,510,FR-T67U-44,LL Touring Frame - Blue- 44,CO_TF,Components,Touring Frames,Yes,200,Touring,01-07-2013
302,511,FR-M63S-40,ML Mountain Frame-W - Silver- 40,CO_MF,Components,Mountain Frames,Yes,199,Mountain,01-07-2013
303,512,FR-M63S-42,ML Mountain Frame-W - Silver- 42,CO_MF,Components,Mountain Frames,Yes,199,Mountain,01-07-2013
304,513,FR-M63S-46,ML Mountain Frame-W - Silver- 46,CO_MF,Components,Mountain Frames,Yes,199,Mountain,01-07-2013
305,514,RB-9231,Rear Brakes,CO_BR,Components,Brakes,Yes,47,N/A,01-07-2013
306,515,SE-M236,LL Mountain Seat/Saddle,CO_SA,Components,Saddles,No,12,Mountain,01-07-2013
307,516,SE-M798,ML Mountain Seat/Saddle,CO_SA,Components,Saddles,No,17,Mountain,01-07-2013
308,517,SE-M940,HL Mountain Seat/Saddle,CO_SA,Components,Saddles,No,23,Mountain,01-07-2013
309,518,SE-R581,LL Road Seat/Saddle,CO_SA,Components,Saddles,No,12,Road,01-07-2013
310,519,SE-R908,ML Road Seat/Saddle,CO_SA,Components,Saddles,No,17,Touring,01-07-2013
311,520,SE-R995,HL Road Seat/Saddle,CO_SA,Components,Saddles,No,23,Road,01-07-2013
312,521,SE-T312,LL Touring Seat/Saddle,CO_SA,Components,Saddles,No,12,Touring,01-07-2013
313,522,SE-T762,ML Touring Seat/Saddle,CO_SA,Components,Saddles,No,17,Touring,01-07-2013
314,523,SE-T924,HL Touring Seat/Saddle,CO_SA,Components,Saddles,No,23,Touring,01-07-2013
315,524,FR-M21S-42,LL Mountain Frame - Silver- 42,CO_MF,Components,Mountain Frames,Yes,145,Mountain,01-07-2013
316,525,FR-M21S-44,LL Mountain Frame - Silver- 44,CO_MF,Components,Mountain Frames,Yes,145,Mountain,01-07-2013
317,526,FR-M21S-48,LL Mountain Frame - Silver- 48,CO_MF,Components,Mountain Frames,Yes,145,Mountain,01-07-2013
318,527,FR-M21S-52,LL Mountain Frame - Silver- 52,CO_MF,Components,Mountain Frames,Yes,145,Mountain,01-07-2013
319,528,TT-M928,Mountain Tire Tube,AC_TT,Accessories,Tires and Tubes,Yes,2,Mountain,01-07-2013
320,529,TT-R982,Road Tire Tube,AC_TT,Accessories,Tires and Tubes,Yes,1,Road,01-07-2013
321,530,TT-T092,Touring Tire Tube,AC_TT,Accessories,Tires and Tubes,Yes,2,Touring,01-07-2013
322,531,FR-M21B-42,LL Mountain Frame - Black- 42,CO_MF,Components,Mountain Frames,Yes,137,Mountain,01-07-2013
323,532,FR-M21B-44,LL Mountain Frame - Black- 44,CO_MF,Components,Mountain Frames,Yes,137,Mountain,01-07-2013
324,533,FR-M21B-48,LL Mountain Frame - Black- 48,CO_MF,Components,Mountain Frames,Yes,137,Mountain,01-07-2013
325,534,FR-M21B-52,LL Mountain Frame - Black- 52,CO_MF,Components,Mountain Frames,Yes,137,Mountain,01-07-2013
326,535,TI-M267,LL Mountain Tire,AC_TT,Accessories,Tires and Tubes,Yes,9,Mountain,01-07-2013
327,536,TI-M602,ML Mountain Tire,AC_TT,Accessories,Tires and Tubes,Yes,11,Mountain,01-07-2013
328,537,TI-M823,HL Mountain Tire,AC_TT,Accessories,Tires and Tubes,Yes,13,Mountain,01-07-2013
329,538,TI-R092,LL Road Tire,AC_TT,Accessories,Tires and Tubes,Yes,8,Road,01-07-2013
330,539,TI-R628,ML Road Tire,AC_TT,Accessories,Tires and Tubes,Yes,9,Road,01-07-2013
331,540,TI-R982,HL Road Tire,AC_TT,Accessories,Tires and Tubes,Yes,12,Road,01-07-2013
332,541,TI-T723,Touring Tire,AC_TT,Accessories,Tires and Tubes,Yes,11,Touring,01-07-2013
333,542,PD-M282,LL Mountain Pedal,CO_PE,NULL,NULL,NULL,18,Mountain,01-07-2013
334,543,PD-M340,ML Mountain Pedal,CO_PE,NULL,NULL,NULL,28,Mountain,01-07-2013
335,544,PD-M562,HL Mountain Pedal,CO_PE,NULL,NULL,NULL,36,Mountain,01-07-2013
336,545,PD-R347,LL Road Pedal,CO_PE,NULL,NULL,NULL,18,Road,01-07-2013
337,546,PD-R563,ML Road Pedal,CO_PE,NULL,NULL,NULL,28,Road,01-07-2013
338,547,PD-R853,HL Road Pedal,CO_PE,NULL,NULL,NULL,36,Road,01-07-2013
339,548,PD-T852,Touring Pedal,CO_PE,NULL,NULL,NULL,36,Touring,01-07-2013
340,549,FR-M63S-38,ML Mountain Frame-W - Silver- 38,CO_MF,Components,Mountain Frames,Yes,199,Mountain,01-07-2013
341,550,FR-M21B-40,LL Mountain Frame - Black- 40,CO_MF,Components,Mountain Frames,Yes,137,Mountain,01-07-2013
342,551,FR-M21S-40,LL Mountain Frame - Silver- 40,CO_MF,Components,Mountain Frames,Yes,145,Mountain,01-07-2013
343,552,FD-2342,Front Derailleur,CO_DE,Components,Derailleurs,Yes,41,N/A,01-07-2013
344,553,HB-T721,LL Touring Handlebars,CO_HB,Components,Handlebars,No,20,Touring,01-07-2013
345,554,HB-T928,HL Touring Handlebars,CO_HB,Components,Handlebars,No,41,Touring,01-07-2013
346,555,FB-9873,Front Brakes,CO_BR,Components,Brakes,Yes,47,N/A,01-07-2013
347,556,CS-4759,LL Crankset,CO_CS,Components,Cranksets,Yes,78,N/A,01-07-2013
348,557,CS-6583,ML Crankset,CO_CS,Components,Cranksets,Yes,114,N/A,01-07-2013
349,558,CS-9183,HL Crankset,CO_CS,Components,Cranksets,Yes,180,N/A,01-07-2013
350,559,CH-0234,Chain,CO_CH,Components,Chains,Yes,9,N/A,01-07-2013
351,560,BK-T44U-60,Touring-2000 Blue- 60,BI_TB,Bikes,Touring Bikes,Yes,755,Touring,01-07-2013
352,561,BK-T79Y-46,Touring-1000 Yellow- 46,BI_TB,Bikes,Touring Bikes,Yes,1482,Touring,01-07-2013
353,562,BK-T79Y-50,Touring-1000 Yellow- 50,BI_TB,Bikes,Touring Bikes,Yes,1482,Touring,01-07-2013
354,563,BK-T79Y-54,Touring-1000 Yellow- 54,BI_TB,Bikes,Touring Bikes,Yes,1482,Touring,01-07-2013
355,564,BK-T79Y-60,Touring-1000 Yellow- 60,BI_TB,Bikes,Touring Bikes,Yes,1482,Touring,01-07-2013
356,565,BK-T18U-54,Touring-3000 Blue- 54,BI_TB,Bikes,Touring Bikes,Yes,461,Touring,01-07-2013
357,566,BK-T18U-58,Touring-3000 Blue- 58,BI_TB,Bikes,Touring Bikes,Yes,461,Touring,01-07-2013
358,567,BK-T18U-62,Touring-3000 Blue- 62,BI_TB,Bikes,Touring Bikes,Yes,461,Touring,01-07-2013
359,568,BK-T18Y-44,Touring-3000 Yellow- 44,BI_TB,Bikes,Touring Bikes,Yes,461,Touring,01-07-2013
360,569,BK-T18Y-50,Touring-3000 Yellow- 50,BI_TB,Bikes,Touring Bikes,Yes,461,Touring,01-07-2013
361,570,BK-T18Y-54,Touring-3000 Yellow- 54,BI_TB,Bikes,Touring Bikes,Yes,461,Touring,01-07-2013
362,571,BK-T18Y-58,Touring-3000 Yellow- 58,BI_TB,Bikes,Touring Bikes,Yes,461,Touring,01-07-2013
363,572,BK-T18Y-62,Touring-3000 Yellow- 62,BI_TB,Bikes,Touring Bikes,Yes,461,Touring,01-07-2013
364,573,BK-T79U-46,Touring-1000 Blue- 46,BI_TB,Bikes,Touring Bikes,Yes,1482,Touring,01-07-2013
365,574,BK-T79U-50,Touring-1000 Blue- 50,BI_TB,Bikes,Touring Bikes,Yes,1482,Touring,01-07-2013
366,575,BK-T79U-54,Touring-1000 Blue- 54,BI_TB,Bikes,Touring Bikes,Yes,1482,Touring,01-07-2013
367,576,BK-T79U-60,Touring-1000 Blue- 60,BI_TB,Bikes,Touring Bikes,Yes,1482,Touring,01-07-2013
368,577,BK-T44U-46,Touring-2000 Blue- 46,BI_TB,Bikes,Touring Bikes,Yes,755,Touring,01-07-2013
369,578,BK-T44U-50,Touring-2000 Blue- 50,BI_TB,Bikes,Touring Bikes,Yes,755,Touring,01-07-2013
370,579,BK-T44U-54,Touring-2000 Blue- 54,BI_TB,Bikes,Touring Bikes,Yes,755,Touring,01-07-2013
371,580,BK-R79Y-40,Road-350-W Yellow- 40,BI_RB,Bikes,Road Bikes,Yes,1083,Road,01-07-2013
372,581,BK-R79Y-42,Road-350-W Yellow- 42,BI_RB,Bikes,Road Bikes,Yes,1083,Road,01-07-2013
373,582,BK-R79Y-44,Road-350-W Yellow- 44,BI_RB,Bikes,Road Bikes,Yes,1083,Road,01-07-2013
374,583,BK-R79Y-48,Road-350-W Yellow- 48,BI_RB,Bikes,Road Bikes,Yes,1083,Road,01-07-2013
375,584,BK-R19B-58,Road-750 Black- 58,BI_RB,Bikes,Road Bikes,Yes,344,Road,01-07-2013
376,585,BK-T18U-44,Touring-3000 Blue- 44,BI_TB,Bikes,Touring Bikes,Yes,461,Touring,01-07-2013
377,586,BK-T18U-50,Touring-3000 Blue- 50,BI_TB,Bikes,Touring Bikes,Yes,461,Touring,01-07-2013
378,587,BK-M38S-38,Mountain-400-W Silver- 38,BI_MB,Bikes,Mountain Bikes,Yes,420,Mountain,01-07-2013
379,588,BK-M38S-40,Mountain-400-W Silver- 40,BI_MB,Bikes,Mountain Bikes,Yes,420,Mountain,01-07-2013
380,589,BK-M38S-42,Mountain-400-W Silver- 42,BI_MB,Bikes,Mountain Bikes,Yes,420,Mountain,01-07-2013
381,590,BK-M38S-46,Mountain-400-W Silver- 46,BI_MB,Bikes,Mountain Bikes,Yes,420,Mountain,01-07-2013
382,591,BK-M18S-40,Mountain-500 Silver- 40,BI_MB,Bikes,Mountain Bikes,Yes,308,Mountain,01-07-2013
383,592,BK-M18S-42,Mountain-500 Silver- 42,BI_MB,Bikes,Mountain Bikes,Yes,308,Mountain,01-07-2013
384,593,BK-M18S-44,Mountain-500 Silver- 44,BI_MB,Bikes,Mountain Bikes,Yes,308,Mountain,01-07-2013
385,594,BK-M18S-48,Mountain-500 Silver- 48,BI_MB,Bikes,Mountain Bikes,Yes,308,Mountain,01-07-2013
386,595,BK-M18S-52,Mountain-500 Silver- 52,BI_MB,Bikes,Mountain Bikes,Yes,308,Mountain,01-07-2013
387,596,BK-M18B-40,Mountain-500 Black- 40,BI_MB,Bikes,Mountain Bikes,Yes,295,Mountain,01-07-2013
388,597,BK-M18B-42,Mountain-500 Black- 42,BI_MB,Bikes,Mountain Bikes,Yes,295,Mountain,01-07-2013
389,598,BK-M18B-44,Mountain-500 Black- 44,BI_MB,Bikes,Mountain Bikes,Yes,295,Mountain,01-07-2013
390,599,BK-M18B-48,Mountain-500 Black- 48,BI_MB,Bikes,Mountain Bikes,Yes,295,Mountain,01-07-2013
391,600,BK-M18B-52,Mountain-500 Black- 52,BI_MB,Bikes,Mountain Bikes,Yes,295,Mountain,01-07-2013
392,601,BB-7421,LL Bottom Bracket,CO_BB,Components,Bottom Brackets,Yes,24,N/A,01-07-2013
393,602,BB-8107,ML Bottom Bracket,CO_BB,Components,Bottom Brackets,Yes,45,N/A,01-07-2013
394,603,BB-9108,HL Bottom Bracket,CO_BB,Components,Bottom Brackets,Yes,54,N/A,01-07-2013
395,604,BK-R19B-44,Road-750 Black- 44,BI_RB,Bikes,Road Bikes,Yes,344,Road,01-07-2013
396,605,BK-R19B-48,Road-750 Black- 48,BI_RB,Bikes,Road Bikes,Yes,344,Road,01-07-2013
397,606,BK-R19B-52,Road-750 Black- 52,BI_RB,Bikes,Road Bikes,Yes,344,Road,01-07-2013
